{
  "buy_hold_btc": {
    "avgReturn": -0.05498099673364508,
    "avgSharpe": -1.1831954306373618,
    "maxDrawdown": 1.001,
    "consistency": 1
  },
  "buy_hold_eth": {
    "avgReturn": -0.0668831001864414,
    "avgSharpe": -1.1831799138766574,
    "maxDrawdown": 1.001,
    "consistency": 1
  },
  "covered_calls": {
    "avgReturn": -0.4160751008237833,
    "avgSharpe": 0.20593591278646137,
    "maxDrawdown": 0.8007999999999998,
    "consistency": 1
  },
  "cash_secured_puts": {
    "avgReturn": 0.26276575358879906,
    "avgSharpe": 2.4884186661730334,
    "maxDrawdown": 0,
    "consistency": 1
  },
  "quantum_consciousness": {
    "avgReturn": 0,
    "avgSharpe": 0,
    "maxDrawdown": 0,
    "consistency": 1
  }
}